Serial No.,Name ,Reg No.,Email,Code
1,ABC,22BCE10000,xyz ,6782
2,BCD,22BCE20000,yxw,4086
3,CDE,22BCE30000,xwv,1770
4,DEF,22BCE40000,xyz ,2933
5,ABC,22BCE50000,yxw,7904
6,BCD,22BCE60000,xwv,9720
7,CDE,22BCE70000,xyz ,4760
8,DEF,22BCE80000,yxw,4882
9,ABC,22BCE90000,xwv,9149
10,BCD,22BCE100000,xyz ,5607
11,CDE,22BCE110000,yxw,2165
12,DEF,22BCE120000,xwv,2207
13,ABC,22BCE130000,xyz ,9783
14,BCD,22BCE140000,yxw,4351
15,CDE,22BCE150000,xwv,3275
16,DEF,22BCE160000,xyz ,4228
17,ABC,22BCE170000,yxw,8818
18,BCD,22BCE180000,xwv,3682
19,CDE,22BCE190000,xyz ,7630
20,DEF,22BCE200000,yxw,1735
